ticker,ex_date,amount
AAPL,2024-11-08,0.25
AAPL,2025-02-10,0.25
AAPL,2025-05-12,0.26
AAPL,2025-08-11,0.26
AAPL,2025-11-10,0.26
AAPL,2026-02-09,0.26
AAPL,2026-05-11,0.27
AAPL,2026-08-10,0.27
GOOGL,2024-12-09,0.2
GOOGL,2025-03-10,0.2
GOOGL,2025-06-09,0.21
GOOGL,2025-09-08,0.21
GOOGL,2025-12-08,0.21
GOOGL,2026-03-09,0.21
GOOGL,2026-06-08,0.22
GOOGL,2026-09-04,0.22
META,2024-12-16,0.5
META,2025-03-14,0.525
META,2025-06-16,0.525
META,2025-09-22,0.525
META,2025-12-15,0.525
META,2026-03-16,0.525
META,2026-06-15,0.525
META,2026-09-21,0.525
MSFT,2024-11-21,0.83
MSFT,2025-02-20,0.83
MSFT,2025-05-15,0.83
MSFT,2025-08-21,0.83
MSFT,2025-11-20,0.91
MSFT,2026-02-19,0.91
MSFT,2026-05-21,0.91
MSFT,2026-08-20,0.91
NVDA,2024-12-05,0.01
NVDA,2025-03-12,0.01
NVDA,2025-06-11,0.01
NVDA,2025-09-11,0.01
NVDA,2025-12-04,0.01
NVDA,2026-03-11,0.01
NVDA,2026-06-04,0.25
NVDA,2026-09-10,0.25
QQQ,2024-12-23,0.835
QQQ,2025-03-24,0.716
QQQ,2025-06-23,0.591
QQQ,2025-09-22,0.694
QQQ,2025-12-22,0.794
QQQ,2026-03-23,0.733
QQQ,2026-06-22,0.813
QQQ,2026-09-21,0.751
SPY,2024-12-20,1.966
SPY,2025-03-21,1.696
SPY,2025-06-20,1.761
SPY,2025-09-19,1.831
SPY,2025-12-19,1.993
SPY,2026-03-20,1.797
SPY,2026-06-18,1.904
SPY,2026-09-18,1.889
