ts_utc,ticker,token,issuer,chain,dex,quote,pair_address,price_usd,ref_price,ref_time_utc,market_state,premium_pct,liquidity_usd,volume_h24,txns_h24,trusted_quote,anomaly
2026-10-06T00:00:03Z,TSLA,TSLAx,xStocks (Backed),solana,raydium,USDC,8aDaBQkTrS6HVMjyc6EZebgdiaXhLYGriDWKWWp1NpFF,379.21,378.73,2026-10-05T20:00:01Z,CLOSED,0.1267,2314028.11,981281.86,4224,1,0
2026-10-06T00:00:03Z,TSLA,TSLAx,xStocks (Backed),solana,orca,USDC,9p7abUFv31ycgu9kckvnoqMMvBy67dqTDM2m6HP9xokN,379.38,378.73,2026-10-05T20:00:01Z,CLOSED,0.1716,90953.83,66204.11,2596,1,0
2026-10-06T00:00:03Z,TSLA,TSLAx,xStocks (Backed),solana,raydium,SOL,CKmjDiqBCRqR8xk5FjnFiQXuCFsGchiLv9YwYVnE5RJ8,378.73,378.73,2026-10-05T20:00:01Z,CLOSED,0.0,97678.66,43127.63,627,1,0
2026-10-06T00:00:03Z,TSLA,TSLAx,xStocks (Backed),solana,raydium,USDC,HHQUnUbmWLrYzkscDY1C3deEFbGtiGBGoHjpANogmvum,379.069,378.73,2026-10-05T20:00:01Z,CLOSED,0.0895,460043.09,66253.42,375,1,0
2026-10-06T00:00:03Z,TSLA,TSLAx,xStocks (Backed),solana,pancakeswap,SOL,EYF6xVtA8EGqjFdx5bgc3i6jMmyr8t6rXMTyqbyvKaW3,379.34,378.73,2026-10-05T20:00:01Z,CLOSED,0.1611,27755.35,6735.17,707,1,0
2026-10-06T00:00:03Z,TSLA,TSLAx,xStocks (Backed),solana,pancakeswap,USDC,2JUpEKcYkSytu3aWk7QzohPNX2hY8shEakEcmn3SgXFD,379.11,378.73,2026-10-05T20:00:01Z,CLOSED,0.1003,13015.73,10473.49,557,1,0
2026-10-06T00:00:03Z,TSLA,TSLAx,xStocks (Backed),solana,meteora,SOL,CHGfdEfKFYDWGPASCsZnpkDzvpLKNEVoAb4UEorPPkGK,379.3,378.73,2026-10-05T20:00:01Z,CLOSED,0.1505,7927.9,5774.77,230,1,0
2026-10-06T00:00:03Z,TSLA,TSLAx,xStocks (Backed),solana,orca,SOL,26UY4D6pBHgxYdPWuBP3sfyc4jJf6qQjPDxCJPhtUx3H,378.66,378.73,2026-10-05T20:00:01Z,CLOSED,-0.0185,9250.55,451.25,42,1,0
2026-10-06T00:00:03Z,TSLA,TSLAx,xStocks (Backed),solana,meteora,NVDAx,8is7SBzMYLUTUtVU5H4QEPkgeQP7WaM7rQ6QPxXTa4PB,379.0053,378.73,2026-10-05T20:00:01Z,CLOSED,0.0727,6417.51,3824.45,216,0,0
2026-10-06T00:00:03Z,TSLA,TSLAon,Ondo Global Markets,ethereum,uniswap,USDC,0x31227b50eCCDC9C589826AA2D9E7C5619B1895Da,376.47,378.73,2026-10-05T20:00:01Z,CLOSED,-0.5967,68352.58,30511.78,92,1,0
2026-10-06T00:00:03Z,TSLA,TSLAon,Ondo Global Markets,ethereum,0x00a38533c68327aBE0Cc265436e036066E2D6B38,USDC,0x49b7b66457297f9E0E763BBb151B6DB0c149E988,374.8,378.73,2026-10-05T20:00:01Z,CLOSED,-1.0377,35863.69,2905.76,6,1,0
2026-10-06T00:00:03Z,TSLA,TSLAon,Ondo Global Markets,ethereum,0x00a38533c68327aBE0Cc265436e036066E2D6B38,USDC,0xfd62Ce2489f37B9357CD1Aa66a33351580B33231,376.61,378.73,2026-10-05T20:00:01Z,CLOSED,-0.5598,28405.33,2430.1,7,1,0
2026-10-06T00:00:03Z,TSLA,TSLAon,Ondo Global Markets,ethereum,0x00a38533c68327aBE0Cc265436e036066E2D6B38,USDC,0xbcD5a4823C3B3faF81EECEfd3b37E1185419E9Ee,378.66,378.73,2026-10-05T20:00:01Z,CLOSED,-0.0185,26540.34,4932.22,18,1,0
2026-10-06T00:00:03Z,TSLA,TSLAon,Ondo Global Markets,ethereum,0x00a38533c68327aBE0Cc265436e036066E2D6B38,USDC,0x52757BD6B226b50a75aC4Aec553Db7F338E841A7,368.81,378.73,2026-10-05T20:00:01Z,CLOSED,-2.6193,10207.85,1003.3,4,1,0
2026-10-06T00:00:03Z,TSLA,TSLAon,Ondo Global Markets,ethereum,0x00a38533c68327aBE0Cc265436e036066E2D6B38,USDC,0xF2006D44339E5C2c479d450a97884d4E20D028AD,372.93,378.73,2026-10-05T20:00:01Z,CLOSED,-1.5314,10254.03,903.11,3,1,0
2026-10-06T00:00:03Z,NVDA,NVDAx,xStocks (Backed),solana,orca,USDC,6R4r93V5fcMzc13CL2enEepDSYcr4Qx3ptZBDwudTXCo,240.52,238.9,2026-10-05T20:00:01Z,CLOSED,0.6781,671700.32,5872378.61,61808,1,0
2026-10-06T00:00:03Z,NVDA,NVDAx,xStocks (Backed),solana,raydium,USDC,49iMatQtoyabsYAQc8GafVq6aeBFVDxSRH44oiatyyw6,240.3,238.9,2026-10-05T20:00:01Z,CLOSED,0.586,3420400.19,1658066.72,10979,1,0
2026-10-06T00:00:03Z,NVDA,NVDAx,xStocks (Backed),solana,raydium,SOL,38rXq2BuwdNcfnwydw6S2srpNK9N4gVzf39f69suPMsF,240.17,238.9,2026-10-05T20:00:01Z,CLOSED,0.5316,261767.96,1283414.38,11309,1,0
2026-10-06T00:00:03Z,NVDA,NVDAx,xStocks (Backed),solana,meteora,SOL,FCn5zw4gAcfRpQgst5ThFuzBGXbbJ6RocVErgC4vJ9j1,240.86,238.9,2026-10-05T20:00:01Z,CLOSED,0.8204,264077.63,837892.75,7222,1,0
2026-10-06T00:00:03Z,NVDA,NVDAx,xStocks (Backed),solana,orca,SOL,8Vy5Rjb9vg5nLb8L1r4Di8p9py5BTkp8UJSMHG8AD2zs,240.84,238.9,2026-10-05T20:00:01Z,CLOSED,0.8121,87151.37,390719.11,5638,1,0
2026-10-06T00:00:03Z,NVDA,NVDAx,xStocks (Backed),solana,raydium,USDC,4KqQN6u1pFKroFE2jVEhoepAMRKPcuAzWVDCgm9zRBYN,240.88,238.9,2026-10-05T20:00:01Z,CLOSED,0.8288,125900.36,15117.39,194,1,0
2026-10-06T00:00:03Z,NVDA,NVDAx,xStocks (Backed),solana,meteora,NIGGA,5zFXe8DTPvcmnZMy5uWr8ahNSKcAa3vypiNhm9yUm6aD,2753.71,238.9,2026-10-05T20:00:01Z,CLOSED,1052.6622,22150.9,2893.25,5,0,1
2026-10-06T00:00:03Z,NVDA,NVDAon,Ondo Global Markets,ethereum,uniswap,USDC,0xc9b4bC7C15423FCFe6B75aB5118bA773945A3A46,239.88,238.9,2026-10-05T20:00:01Z,CLOSED,0.4102,318778.97,627749.1,2419,1,0
2026-10-06T00:00:03Z,NVDA,NVDAon,Ondo Global Markets,ethereum,uniswap,USDC,0xa9a6651fba74df1aab94065ffaabe750d6ed835b94a9e28925ec79beec2d5f73,241.13,238.9,2026-10-05T20:00:01Z,CLOSED,0.9334,40515.81,39636.53,215,1,0
2026-10-06T00:00:03Z,NVDA,NVDAon,Ondo Global Markets,ethereum,uniswap,USDC,0xf5294094BCe435bFbd0eC488be5C462aAF32Bc7A,238.49,238.9,2026-10-05T20:00:01Z,CLOSED,-0.1716,13829.36,198.14,5,1,0
2026-10-06T00:00:03Z,NVDA,NVDAon,Ondo Global Markets,ethereum,uniswap,ZIK,0xeb35140d8090c35e75cdb8971f45eb2a1c553ec381ba361e89473f2ee292db39,237.12,238.9,2026-10-05T20:00:01Z,CLOSED,-0.7451,8540.42,11.9,1,0,0
2026-10-06T00:00:03Z,NVDA,NVDAon,Ondo Global Markets,ethereum,uniswap,ZIK,0xeA0F5b999C66214De7300c5910171A356fdfb3d0,239.29,238.9,2026-10-05T20:00:01Z,CLOSED,0.1632,7854.47,9.4,1,0,0
2026-10-06T00:00:03Z,NVDA,NVDAon,Ondo Global Markets,bsc,pancakeswap,USDT,0xB90BDBFBdfFd4Af5a636b5805539eDeafb969308,238.019,238.9,2026-10-05T20:00:01Z,CLOSED,-0.3688,9683.79,1189.92,62,1,0
2026-10-06T00:00:03Z,AAPL,AAPLx,xStocks (Backed),solana,raydium,USDC,CKwJZwm7oj3nu4653N1EpDrqXbXAYXoPFiPeEnLouF8y,334.37,332.89,2026-10-05T20:00:02Z,CLOSED,0.4446,338565.41,287399.53,3522,1,0
2026-10-06T00:00:03Z,AAPL,AAPLx,xStocks (Backed),solana,orca,SOL,5VgwxAPD37EHPqtW6v6gWq2bznPDqvpaGDuJoyGm6aJG,334.46,332.89,2026-10-05T20:00:02Z,CLOSED,0.4716,26528.58,1925.03,85,1,0
2026-10-06T00:00:03Z,AAPL,AAPLx,xStocks (Backed),solana,orca,SOL,HQijmgUPWBCYyvjBCymBVS9MZbJPmdJuvQXSfFtTZRz5,333.75,332.89,2026-10-05T20:00:02Z,CLOSED,0.2583,13485.35,22481.93,564,1,0
2026-10-06T00:00:03Z,AAPL,AAPLx,xStocks (Backed),solana,raydium,SOL,EUnoAwXybSenwkvQ3Qp4aWQxmw2AZrVCbAn6Sztjhbjo,334.032,332.89,2026-10-05T20:00:02Z,CLOSED,0.3431,7119.65,1196.25,58,1,0
2026-10-06T00:00:03Z,AAPL,AAPLx,xStocks (Backed),solana,raydium,USDC,ApniVWuZbZoruTAJdyJcLBA4AVw4DKGdV5fHxo6qrAZT,334.16,332.89,2026-10-05T20:00:02Z,CLOSED,0.3815,255182.65,170822.32,2116,1,0
2026-10-06T00:00:03Z,AAPL,AAPLx,xStocks (Backed),solana,orca,USDC,CNsYTuhHBkLQmoWtdoQxqkNxtyhXYvWvQJqzmG2evNEa,333.94,332.89,2026-10-05T20:00:02Z,CLOSED,0.3154,21426.78,17103.32,326,1,0
2026-10-06T00:00:03Z,AAPL,AAPLon,Ondo Global Markets,ethereum,uniswap,USDC,0xad82C9EB065a5CFed71DB087e4a52C8a09c69921,333.29,332.89,2026-10-05T20:00:02Z,CLOSED,0.1202,41364.8,559.86,6,1,0
2026-10-06T00:00:03Z,AAPL,AAPLon,Ondo Global Markets,bsc,pancakeswap,ASX,0x061306dF92c6a0538154A40F060573Be638B1066,328.23,332.89,2026-10-05T20:00:02Z,CLOSED,-1.3999,8163.32,0.16,1,0,0
2026-10-06T00:00:03Z,MSFT,MSFTon,Ondo Global Markets,ethereum,uniswap,USDC,0xb97c30485cfdb895a811331e2a3aab1233a5bf8ff27b6be149edbdc7e9a37333,514.73,525.18,2026-10-05T20:00:02Z,CLOSED,-1.9898,8493.83,159.92,2,1,0
2026-10-06T00:00:03Z,AMZN,AMZNx,xStocks (Backed),solana,raydium,USDC,6m5aXAve4uh6Kt4ytKyCLWNMjd8PYP5vujwNCtycrUiD,251.47,251.4,2026-10-05T20:00:02Z,CLOSED,0.0278,386964.27,73415.78,328,1,0
2026-10-06T00:00:03Z,AMZN,AMZNx,xStocks (Backed),solana,raydium,SOL,HWZk6MfN28mYqDN1igNETjN2kueEryL33oVgt92Wkv6N,251.88,251.4,2026-10-05T20:00:02Z,CLOSED,0.1909,27298.55,12739.64,391,1,0
2026-10-06T00:00:03Z,AMZN,AMZNx,xStocks (Backed),solana,meteora,SOL,DXAbc6Q3BzfnWbJKVdVyEdLfvMprMNtxb8iz36W2ttZj,251.91,251.4,2026-10-05T20:00:02Z,CLOSED,0.2029,6641.81,1250.86,151,1,0
2026-10-06T00:00:03Z,AMZN,AMZNon,Ondo Global Markets,bsc,pancakeswap,WBNB,0x8617Ba6DEEE616694601ADc41Ab7ffE0e610907E,252.029,251.4,2026-10-05T20:00:02Z,CLOSED,0.2502,6570.44,59.07,11,1,0
2026-10-06T00:00:03Z,GOOGL,GOOGLx,xStocks (Backed),solana,raydium,USDC,B8YAwjGYk6qidWzGBXMAxP7nYfG8g74EZ3Y4gFSsobRw,347.11,346.47,2026-10-05T20:00:02Z,CLOSED,0.1847,828747.76,678108.79,9088,1,0
2026-10-06T00:00:03Z,GOOGL,GOOGLx,xStocks (Backed),solana,meteora,SOL,CmcVVxuMMCdsevwThLwU4PdESB5NxiZJU4mGrxB6QDE4,347.94,346.47,2026-10-05T20:00:02Z,CLOSED,0.4243,70738.79,89747.93,1168,1,0
2026-10-06T00:00:03Z,GOOGL,GOOGLx,xStocks (Backed),solana,orca,USDC,Bd8GgEYaHi3zkyjr5ojQKXA82wYqGpB3suV9PQJ8kJ1b,347.63,346.47,2026-10-05T20:00:02Z,CLOSED,0.3348,58105.22,62356.5,832,1,0
2026-10-06T00:00:03Z,GOOGL,GOOGLx,xStocks (Backed),solana,raydium,SOL,3P1PwneDrKfyUVQstaqAQDBWnK2Mcqi1xZ9nteMhDbSB,348.75,346.47,2026-10-05T20:00:02Z,CLOSED,0.6581,62633.89,19904.41,164,1,0
2026-10-06T00:00:03Z,GOOGL,GOOGLx,xStocks (Backed),solana,orca,SOL,Bh3njVo6i3UjgmaevEQMGoidphcueNjoPqGkYLbthzV5,346.58,346.47,2026-10-05T20:00:02Z,CLOSED,0.0317,12260.56,31274.49,1147,1,0
2026-10-06T00:00:03Z,GOOGL,GOOGLx,xStocks (Backed),solana,orca,USDC,FaGxc8NXSXBrT6idTxjw3o8et4MmFjxRMQvVF7ChsgZV,348.49,346.47,2026-10-05T20:00:02Z,CLOSED,0.583,5433.6,574.7,70,1,0
2026-10-06T00:00:03Z,GOOGL,GOOGLx,xStocks (Backed),solana,raydium,USDC,9sw1NZjXFsy5GKkqMpQWV7wopGgMcdkanDqg3f15zQZv,347.072,346.47,2026-10-05T20:00:02Z,CLOSED,0.1738,56195.99,43624.26,746,1,0
2026-10-06T00:00:03Z,GOOGL,GOOGLon,Ondo Global Markets,ethereum,uniswap,USDC,0x39FCB1935f6Ccb0A106D05eB928205C59646af57,345.078,346.47,2026-10-05T20:00:02Z,CLOSED,-0.4018,43468.31,1457.6,8,1,0
2026-10-06T00:00:03Z,META,METAx,xStocks (Backed),solana,raydium,USDC,3L7KbPVaAQA4UTecaGQYsm6UCq5F3sZM9zAYkxqYt63j,744.89,741.9,2026-10-05T20:00:01Z,CLOSED,0.403,798179.78,364865.07,2763,1,0
2026-10-06T00:00:03Z,META,METAx,xStocks (Backed),solana,orca,USDC,59qH56HhMXrXiCMWH46NZ5M3SWhyzVzZnvMP2R27aR7Z,743.099,741.9,2026-10-05T20:00:01Z,CLOSED,0.1616,106707.13,34914.5,410,1,0
2026-10-06T00:00:03Z,META,METAx,xStocks (Backed),solana,raydium,SOL,BE9uiVCxUovYpgA6ard68QRRzo3sCneAkhUtSgy8AjVW,743.48,741.9,2026-10-05T20:00:01Z,CLOSED,0.213,63818.87,105067.1,1477,1,0
2026-10-06T00:00:03Z,META,METAx,xStocks (Backed),solana,raydium,USDC,DpzGDvRfwDk4xfydfjRoSeE9fm1mQnTd3zQaSKhw1oE6,744.075,741.9,2026-10-05T20:00:01Z,CLOSED,0.2932,82508.68,72795.25,588,1,0
2026-10-06T00:00:03Z,META,METAx,xStocks (Backed),solana,meteora,USDC,D8pGWVN3vWeyexBtMZjyyPbcLhM1oeTEMibE9h3nNRYL,743.34,741.9,2026-10-05T20:00:01Z,CLOSED,0.1941,12389.11,30327.35,1028,1,0
2026-10-06T00:00:03Z,META,METAx,xStocks (Backed),solana,meteora,SOL,DUKmnaXkB6AoYBUkeeb25Arfq4oeK4XPf4gkYe7evwkh,741.35,741.9,2026-10-05T20:00:01Z,CLOSED,-0.0741,21552.65,14525.28,336,1,0
2026-10-06T00:00:03Z,MSTR,MSTRx,xStocks (Backed),solana,raydium,SOL,2ngTuP7xA581dqX9uJkGRqxmKuehY3k4SDfPebeoRG2J,164.43,164.43,2026-10-05T20:00:02Z,CLOSED,0.0,889632.53,443400.12,1916,1,0
2026-10-06T00:00:03Z,MSTR,MSTRx,xStocks (Backed),solana,raydium,USDC,RyhF4cksVZY7vcqJpoytHcxcGNKRp27PEGhSnEPpbGv,164.61,164.43,2026-10-05T20:00:02Z,CLOSED,0.1095,739057.09,592236.9,2231,1,0
2026-10-06T00:00:03Z,MSTR,MSTRx,xStocks (Backed),solana,raydium,cbBTC,CJJV5dsFXcSoKvjmurS1nfBioH3KcTkP1s23SgQz1Jrs,164.2,164.43,2026-10-05T20:00:02Z,CLOSED,-0.1399,48415.42,25207.59,430,0,0
2026-10-06T00:00:03Z,MSTR,MSTRx,xStocks (Backed),solana,orca,USDC,CHSijZ92W1A5z93WzGjvBygtxN2LWgAt58uejMDmFVpY,165.058,164.43,2026-10-05T20:00:02Z,CLOSED,0.3819,40273.18,2121.75,287,1,0
2026-10-06T00:00:03Z,MSTR,MSTRx,xStocks (Backed),solana,orca,SOL,HzyHKnwmRnnu3yZKzvqfhm2VeWo8V4qWtyNVGVLXrcjC,165.04,164.43,2026-10-05T20:00:02Z,CLOSED,0.371,32239.35,559.8,49,1,0
2026-10-06T00:00:03Z,MSTR,MSTRx,xStocks (Backed),solana,orca,USDC,BCvzjDbADhnT3K35kc5TSeMAafNgu9KZVywUq9zWH2mA,164.46,164.43,2026-10-05T20:00:02Z,CLOSED,0.0182,5933.32,2771.26,714,1,0
2026-10-06T00:00:03Z,MSTR,MSTRx,xStocks (Backed),solana,meteora,SOL,8yvEgE72BvZs86ZRr9j6ZHgn1zgVpBz2gTmwq7tMcgyH,164.99,164.43,2026-10-05T20:00:02Z,CLOSED,0.3406,7951.41,1017.74,143,1,0
2026-10-06T00:00:03Z,MSTR,MSTRx,xStocks (Backed),solana,meteora,CRCLx,ExwtCL871L2QhHw7EikDPBHfoEHzadxcepdw1Fs3ofoR,164.51,164.43,2026-10-05T20:00:02Z,CLOSED,0.0487,7866.13,182.45,73,0,0
2026-10-06T00:00:03Z,COIN,COINx,xStocks (Backed),solana,raydium,USDC,w7SGmPeXoMCsjvXqgsAmUn56uypyDsjAtsxeVkaiqxa,187.51,188.22,2026-10-05T20:00:01Z,CLOSED,-0.3772,1471880.44,256678.38,561,1,0
2026-10-06T00:00:03Z,COIN,COINx,xStocks (Backed),solana,raydium,SOL,9NJ7rtJzEnfwvoM6HyB2v6YHcsfS6ZY9DFGprphVX6W,187.38,188.22,2026-10-05T20:00:01Z,CLOSED,-0.4463,120869.54,10005.05,84,1,0
2026-10-06T00:00:03Z,COIN,COINx,xStocks (Backed),solana,raydium,USDC,3LbRQkdRnahJfAEBBRajCMki8ZBMhBhidmxbgMzp8nVu,187.1,188.22,2026-10-05T20:00:01Z,CLOSED,-0.595,42468.75,5416.9,101,1,0
2026-10-06T00:00:03Z,COIN,COINx,xStocks (Backed),solana,orca,USDC,7ouGUDRMy4C9RJpTgPizRyfcxyJusAEe9ZbjqYv7BSqe,188.0061,188.22,2026-10-05T20:00:01Z,CLOSED,-0.1136,34133.29,101137.4,963,1,0
2026-10-06T00:00:03Z,COIN,COINx,xStocks (Backed),solana,orca,SOL,A4D97SV1dfCffDo58FEJtZoYycqVTaGVZiDdLiZffDNK,188.19,188.22,2026-10-05T20:00:01Z,CLOSED,-0.0159,26802.03,19584.53,796,1,0
2026-10-06T00:00:03Z,COIN,COINx,xStocks (Backed),solana,orca,CRCLx,FP4TT9AEqR8GcdWYEv2Jp3Vee9QvGWaCmFuaqAP2wjxL,187.059,188.22,2026-10-05T20:00:01Z,CLOSED,-0.6168,8087.99,24.76,10,0,0
2026-10-06T00:00:03Z,HOOD,HOODx,xStocks (Backed),solana,orca,USDC,48dhPm83sXfnRMxKRfv2YuE45DPqrhwPMvGrnTLufvFf,114.062,114.11,2026-10-05T20:00:01Z,CLOSED,-0.0421,94095.13,306298.69,1133,1,0
2026-10-06T00:00:03Z,HOOD,HOODx,xStocks (Backed),solana,raydium,USDC,DXWbip5LducMAbDSSpLYz9Xik3253EPeAYQufQtx7LXs,113.84,114.11,2026-10-05T20:00:01Z,CLOSED,-0.2366,1453727.89,51624.61,106,1,0
2026-10-06T00:00:03Z,HOOD,HOODx,xStocks (Backed),solana,raydium,SOL,DznDQ6YVmgtZAvwZ4ui6k9MNun9uaozyVFFsiAeAs9f,114.27,114.11,2026-10-05T20:00:01Z,CLOSED,0.1402,48973.04,4240.67,35,1,0
2026-10-06T00:00:03Z,HOOD,HOODx,xStocks (Backed),solana,meteora,SOL,DQ8fjmP2haYxyyJRU99aCaHznK1GSihYyBRZxfP9sfbU,114.25,114.11,2026-10-05T20:00:01Z,CLOSED,0.1227,11300.41,10624.93,312,1,0
2026-10-06T00:00:03Z,CRCL,CRCLon,Ondo Global Markets,bsc,pancakeswap,比特币,0xc1d141d6A9F8e8eb7B9Ce1AEcD4A8932F047c075,84.3,83.3,2026-10-05T20:00:03Z,CLOSED,1.2005,7177.53,217.46,16,0,0
2026-10-06T00:00:03Z,SPY,SPYx,xStocks (Backed),solana,raydium,USDC,4pCZCVEiYyT4efNdXUdL2tJF8VGMgiMXrZWq6FiNXhRw,779.63,774.83,2026-10-05T20:00:00Z,CLOSED,0.6195,572949.85,3277925.73,14259,1,0
2026-10-06T00:00:03Z,SPY,SPYx,xStocks (Backed),solana,raydium,SOL,BS9uyGV6XmNnPkM4f3xgxCdQEaFv7RSKs6fwrpvYHxfL,778.62,774.83,2026-10-05T20:00:00Z,CLOSED,0.4891,748927.08,501083.42,3745,1,0
2026-10-06T00:00:03Z,SPY,SPYx,xStocks (Backed),solana,orca,USDC,Fae5dWVntUt6zbWu2voXxioDpMii7SqQwtsxBmoVCsHR,779.42,774.83,2026-10-05T20:00:00Z,CLOSED,0.5924,340122.37,178720.58,1278,1,0
2026-10-06T00:00:03Z,SPY,SPYx,xStocks (Backed),solana,raydium,USDC,6truu3rZuiB9rKQg4VYC3Dt3QwV7DgwGqXrYUcrvnDDE,779.47,774.83,2026-10-05T20:00:00Z,CLOSED,0.5988,2680710.62,422950.5,1394,1,0
2026-10-06T00:00:03Z,SPY,SPYx,xStocks (Backed),solana,raydium,USDC,7sHMnvE7WqP7vQFWJGEnMT4vZg6Za9K7PpddDoXJCqME,778.68,774.83,2026-10-05T20:00:00Z,CLOSED,0.4969,76344.03,1295.25,67,1,0
2026-10-06T00:00:03Z,SPY,SPYx,xStocks (Backed),solana,pancakeswap,USDC,Ph2aw6fSKja9MT39L27gwJcZi3F8hZL4xMnuVh36h8a,779.67,774.83,2026-10-05T20:00:00Z,CLOSED,0.6247,35309.04,82342.63,2558,1,0
2026-10-06T00:00:03Z,SPY,SPYx,xStocks (Backed),solana,orca,USDC,gef4pD5g6GJSjX7hfXKUfhCVpE89BzX9TXnXJNW6kSt,779.7,774.83,2026-10-05T20:00:00Z,CLOSED,0.6285,14073.14,12944.23,2329,1,0
2026-10-06T00:00:03Z,SPY,SPYx,xStocks (Backed),solana,meteora,SOL,5JWX8pQhJNpFMjPwKhFSSVWRpss4wSyoqgRGnBNJfyuX,779.73,774.83,2026-10-05T20:00:00Z,CLOSED,0.6324,38220.81,57954.49,1177,1,0
2026-10-06T00:00:03Z,SPY,SPYx,xStocks (Backed),solana,orca,SOL,DAcfUT7Xnfm91xv4YZojgpYirLC3JfDG6PbtNqtaAkTn,775.99,774.83,2026-10-05T20:00:00Z,CLOSED,0.1497,38864.55,18074.53,1150,1,0
2026-10-06T00:00:03Z,QQQ,QQQx,xStocks (Backed),solana,raydium,USDC,GMjGLWzvK75LPetrgAmdeXnvxc4fUuQPwJxeQqTDU1aG,758.7,756.2,2026-10-05T20:00:00Z,CLOSED,0.3306,2222807.03,286443.69,2597,1,0
2026-10-06T00:00:03Z,QQQ,QQQx,xStocks (Backed),solana,raydium,SOL,B6FEtQdwsq8Wuw4G52pW9WEWEA7ALGfyUgXDRKigDSHH,758.31,756.2,2026-10-05T20:00:00Z,CLOSED,0.279,126758.4,47628.81,628,1,0
2026-10-06T00:00:03Z,QQQ,QQQx,xStocks (Backed),solana,raydium,USDC,FknDV1F5n6QaA7rLmjquDjuU6wcPMNm5RYq7zWbqhpZw,757.25,756.2,2026-10-05T20:00:00Z,CLOSED,0.1389,48869.16,1475.82,55,1,0
2026-10-06T00:00:03Z,QQQ,QQQx,xStocks (Backed),solana,pancakeswap,USDC,DLm3szGd5VdiiLXp8i89j95FuUN9KKWtYF7XfmVvLTML,758.45,756.2,2026-10-05T20:00:00Z,CLOSED,0.2975,36081.46,8498.43,277,1,0
2026-10-06T00:00:03Z,QQQ,QQQx,xStocks (Backed),solana,raydium,SPYx,FN27PwZpDnSBNZR5vzx6B7waxowV84ZNFQrzgr6XeYbf,753.84,756.2,2026-10-05T20:00:00Z,CLOSED,-0.3121,30876.91,120.3,6,0,0
2026-10-06T00:00:03Z,QQQ,QQQx,xStocks (Backed),solana,orca,SPYx,7mYFrN2TQtYc2HMZEXuVfWkPu9n5EFfX9Ha59X3n6PWE,758.73,756.2,2026-10-05T20:00:00Z,CLOSED,0.3346,11847.56,5590.12,432,0,0
2026-10-06T00:00:03Z,QQQ,QQQx,xStocks (Backed),solana,orca,USDC,3GVB4bXtcrP3MM376mrcJDwfTNThvyorLmVgSTf6kxFt,759.14,756.2,2026-10-05T20:00:00Z,CLOSED,0.3888,14088.25,1127.43,71,1,0
2026-10-06T00:10:03Z,TSLA,TSLAx,xStocks (Backed),solana,raydium,USDC,8aDaBQkTrS6HVMjyc6EZebgdiaXhLYGriDWKWWp1NpFF,379.24,378.73,2026-10-05T20:00:01Z,CLOSED,0.1347,2314143.18,966069.23,4183,1,0
2026-10-06T00:10:03Z,TSLA,TSLAx,xStocks (Backed),solana,orca,USDC,9p7abUFv31ycgu9kckvnoqMMvBy67dqTDM2m6HP9xokN,379.13,378.73,2026-10-05T20:00:01Z,CLOSED,0.1056,90903.5,65120.69,2576,1,0
2026-10-06T00:10:03Z,TSLA,TSLAx,xStocks (Backed),solana,raydium,SOL,CKmjDiqBCRqR8xk5FjnFiQXuCFsGchiLv9YwYVnE5RJ8,378.73,378.73,2026-10-05T20:00:01Z,CLOSED,0.0,97678.66,42228.33,618,1,0
2026-10-06T00:10:03Z,TSLA,TSLAx,xStocks (Backed),solana,raydium,USDC,HHQUnUbmWLrYzkscDY1C3deEFbGtiGBGoHjpANogmvum,379.069,378.73,2026-10-05T20:00:01Z,CLOSED,0.0895,460043.09,65440.89,371,1,0
2026-10-06T00:10:03Z,TSLA,TSLAx,xStocks (Backed),solana,pancakeswap,SOL,EYF6xVtA8EGqjFdx5bgc3i6jMmyr8t6rXMTyqbyvKaW3,379.34,378.73,2026-10-05T20:00:01Z,CLOSED,0.1611,27755.35,6510.38,685,1,0
2026-10-06T00:10:03Z,TSLA,TSLAx,xStocks (Backed),solana,pancakeswap,USDC,2JUpEKcYkSytu3aWk7QzohPNX2hY8shEakEcmn3SgXFD,379.11,378.73,2026-10-05T20:00:01Z,CLOSED,0.1003,13015.73,10156.15,545,1,0
2026-10-06T00:10:03Z,TSLA,TSLAx,xStocks (Backed),solana,meteora,SOL,CHGfdEfKFYDWGPASCsZnpkDzvpLKNEVoAb4UEorPPkGK,379.3,378.73,2026-10-05T20:00:01Z,CLOSED,0.1505,7927.9,5735.53,229,1,0
2026-10-06T00:10:03Z,TSLA,TSLAx,xStocks (Backed),solana,orca,SOL,26UY4D6pBHgxYdPWuBP3sfyc4jJf6qQjPDxCJPhtUx3H,378.66,378.73,2026-10-05T20:00:01Z,CLOSED,-0.0185,9250.55,451.2,41,1,0
2026-10-06T00:10:03Z,TSLA,TSLAx,xStocks (Backed),solana,meteora,NVDAx,8is7SBzMYLUTUtVU5H4QEPkgeQP7WaM7rQ6QPxXTa4PB,379.0053,378.73,2026-10-05T20:00:01Z,CLOSED,0.0727,6417.51,3824.45,216,0,0
2026-10-06T00:10:03Z,TSLA,TSLAon,Ondo Global Markets,ethereum,uniswap,USDC,0x31227b50eCCDC9C589826AA2D9E7C5619B1895Da,376.74,378.73,2026-10-05T20:00:01Z,CLOSED,-0.5254,68368.81,30833.66,94,1,0
2026-10-06T00:10:03Z,TSLA,TSLAon,Ondo Global Markets,ethereum,0x00a38533c68327aBE0Cc265436e036066E2D6B38,USDC,0x49b7b66457297f9E0E763BBb151B6DB0c149E988,374.8,378.73,2026-10-05T20:00:01Z,CLOSED,-1.0377,35863.69,2905.76,6,1,0
2026-10-06T00:10:03Z,TSLA,TSLAon,Ondo Global Markets,ethereum,0x00a38533c68327aBE0Cc265436e036066E2D6B38,USDC,0xfd62Ce2489f37B9357CD1Aa66a33351580B33231,376.61,378.73,2026-10-05T20:00:01Z,CLOSED,-0.5598,28405.33,2430.1,7,1,0
2026-10-06T00:10:03Z,TSLA,TSLAon,Ondo Global Markets,ethereum,0x00a38533c68327aBE0Cc265436e036066E2D6B38,USDC,0xbcD5a4823C3B3faF81EECEfd3b37E1185419E9Ee,378.66,378.73,2026-10-05T20:00:01Z,CLOSED,-0.0185,26540.34,4932.22,18,1,0
2026-10-06T00:10:03Z,TSLA,TSLAon,Ondo Global Markets,ethereum,0x00a38533c68327aBE0Cc265436e036066E2D6B38,USDC,0x52757BD6B226b50a75aC4Aec553Db7F338E841A7,368.81,378.73,2026-10-05T20:00:01Z,CLOSED,-2.6193,10207.85,1003.3,4,1,0
2026-10-06T00:10:03Z,TSLA,TSLAon,Ondo Global Markets,ethereum,0x00a38533c68327aBE0Cc265436e036066E2D6B38,USDC,0xF2006D44339E5C2c479d450a97884d4E20D028AD,372.93,378.73,2026-10-05T20:00:01Z,CLOSED,-1.5314,10254.03,903.11,3,1,0
2026-10-06T00:10:03Z,NVDA,NVDAx,xStocks (Backed),solana,orca,USDC,6R4r93V5fcMzc13CL2enEepDSYcr4Qx3ptZBDwudTXCo,240.53,238.9,2026-10-05T20:00:01Z,CLOSED,0.6823,680325.58,5850724.84,62004,1,0
2026-10-06T00:10:03Z,NVDA,NVDAx,xStocks (Backed),solana,raydium,USDC,49iMatQtoyabsYAQc8GafVq6aeBFVDxSRH44oiatyyw6,240.33,238.9,2026-10-05T20:00:01Z,CLOSED,0.5986,3339548.38,1692767.76,11517,1,0
2026-10-06T00:10:03Z,NVDA,NVDAx,xStocks (Backed),solana,raydium,SOL,38rXq2BuwdNcfnwydw6S2srpNK9N4gVzf39f69suPMsF,240.17,238.9,2026-10-05T20:00:01Z,CLOSED,0.5316,261767.96,1267895.2,11245,1,0
2026-10-06T00:10:03Z,NVDA,NVDAx,xStocks (Backed),solana,meteora,SOL,FCn5zw4gAcfRpQgst5ThFuzBGXbbJ6RocVErgC4vJ9j1,241.1,238.9,2026-10-05T20:00:01Z,CLOSED,0.9209,264340.81,825499.69,7288,1,0
2026-10-06T00:10:03Z,NVDA,NVDAx,xStocks (Backed),solana,orca,SOL,8Vy5Rjb9vg5nLb8L1r4Di8p9py5BTkp8UJSMHG8AD2zs,240.18,238.9,2026-10-05T20:00:01Z,CLOSED,0.5358,87110.98,387021.84,5668,1,0
2026-10-06T00:10:03Z,NVDA,NVDAx,xStocks (Backed),solana,raydium,USDC,4KqQN6u1pFKroFE2jVEhoepAMRKPcuAzWVDCgm9zRBYN,240.87,238.9,2026-10-05T20:00:01Z,CLOSED,0.8246,125900.2,15119.38,195,1,0
2026-10-06T00:10:03Z,NVDA,NVDAx,xStocks (Backed),solana,meteora,NIGGA,5zFXe8DTPvcmnZMy5uWr8ahNSKcAa3vypiNhm9yUm6aD,2753.71,238.9,2026-10-05T20:00:01Z,CLOSED,1052.6622,22150.9,2893.25,5,0,1
2026-10-06T00:10:03Z,NVDA,NVDAon,Ondo Global Markets,ethereum,uniswap,USDC,0xc9b4bC7C15423FCFe6B75aB5118bA773945A3A46,239.86,238.9,2026-10-05T20:00:01Z,CLOSED,0.4018,293558.0,626113.42,2410,1,0
2026-10-06T00:10:03Z,NVDA,NVDAon,Ondo Global Markets,ethereum,uniswap,USDC,0xa9a6651fba74df1aab94065ffaabe750d6ed835b94a9e28925ec79beec2d5f73,240.91,238.9,2026-10-05T20:00:01Z,CLOSED,0.8414,42925.7,39925.44,215,1,0
2026-10-06T00:10:03Z,NVDA,NVDAon,Ondo Global Markets,ethereum,uniswap,USDC,0xf5294094BCe435bFbd0eC488be5C462aAF32Bc7A,238.49,238.9,2026-10-05T20:00:01Z,CLOSED,-0.1716,13829.36,198.14,5,1,0
2026-10-06T00:10:03Z,NVDA,NVDAon,Ondo Global Markets,ethereum,uniswap,ZIK,0xeb35140d8090c35e75cdb8971f45eb2a1c553ec381ba361e89473f2ee292db39,237.12,238.9,2026-10-05T20:00:01Z,CLOSED,-0.7451,8540.42,11.9,1,0,0
2026-10-06T00:10:03Z,NVDA,NVDAon,Ondo Global Markets,ethereum,uniswap,ZIK,0xeA0F5b999C66214De7300c5910171A356fdfb3d0,239.29,238.9,2026-10-05T20:00:01Z,CLOSED,0.1632,7854.47,9.4,1,0,0
2026-10-06T00:10:03Z,NVDA,NVDAon,Ondo Global Markets,bsc,pancakeswap,USDT,0xB90BDBFBdfFd4Af5a636b5805539eDeafb969308,238.019,238.9,2026-10-05T20:00:01Z,CLOSED,-0.3688,9683.79,1189.92,62,1,0
2026-10-06T00:10:03Z,AAPL,AAPLx,xStocks (Backed),solana,raydium,USDC,CKwJZwm7oj3nu4653N1EpDrqXbXAYXoPFiPeEnLouF8y,334.37,332.89,2026-10-05T20:00:02Z,CLOSED,0.4446,338568.61,288595.18,3537,1,0
2026-10-06T00:10:03Z,AAPL,AAPLx,xStocks (Backed),solana,orca,SOL,5VgwxAPD37EHPqtW6v6gWq2bznPDqvpaGDuJoyGm6aJG,334.46,332.89,2026-10-05T20:00:02Z,CLOSED,0.4716,26528.58,1925.03,85,1,0
2026-10-06T00:10:03Z,AAPL,AAPLx,xStocks (Backed),solana,orca,SOL,HQijmgUPWBCYyvjBCymBVS9MZbJPmdJuvQXSfFtTZRz5,334.0045,332.89,2026-10-05T20:00:02Z,CLOSED,0.3348,13497.49,22513.59,568,1,0
2026-10-06T00:10:03Z,AAPL,AAPLx,xStocks (Backed),solana,raydium,SOL,EUnoAwXybSenwkvQ3Qp4aWQxmw2AZrVCbAn6Sztjhbjo,334.032,332.89,2026-10-05T20:00:02Z,CLOSED,0.3431,7119.65,1196.25,58,1,0
2026-10-06T00:10:03Z,AAPL,AAPLx,xStocks (Backed),solana,raydium,USDC,ApniVWuZbZoruTAJdyJcLBA4AVw4DKGdV5fHxo6qrAZT,334.17,332.89,2026-10-05T20:00:02Z,CLOSED,0.3845,255183.87,170810.87,2114,1,0
2026-10-06T00:10:03Z,AAPL,AAPLx,xStocks (Backed),solana,orca,USDC,CNsYTuhHBkLQmoWtdoQxqkNxtyhXYvWvQJqzmG2evNEa,333.88,332.89,2026-10-05T20:00:02Z,CLOSED,0.2974,21424.48,17213.83,328,1,0
2026-10-06T00:10:03Z,AAPL,AAPLon,Ondo Global Markets,ethereum,uniswap,USDC,0xad82C9EB065a5CFed71DB087e4a52C8a09c69921,332.85,332.89,2026-10-05T20:00:02Z,CLOSED,-0.012,41343.54,955.65,7,1,0
2026-10-06T00:10:03Z,AAPL,AAPLon,Ondo Global Markets,bsc,pancakeswap,ASX,0x061306dF92c6a0538154A40F060573Be638B1066,328.23,332.89,2026-10-05T20:00:02Z,CLOSED,-1.3999,8163.32,0.16,1,0,0
2026-10-06T00:10:03Z,MSFT,MSFTon,Ondo Global Markets,ethereum,uniswap,USDC,0xb97c30485cfdb895a811331e2a3aab1233a5bf8ff27b6be149edbdc7e9a37333,514.73,525.18,2026-10-05T20:00:02Z,CLOSED,-1.9898,8493.83,159.92,2,1,0
2026-10-06T00:10:03Z,AMZN,AMZNx,xStocks (Backed),solana,raydium,USDC,6m5aXAve4uh6Kt4ytKyCLWNMjd8PYP5vujwNCtycrUiD,251.47,251.4,2026-10-05T20:00:02Z,CLOSED,0.0278,386965.6,73424.8,329,1,0
2026-10-06T00:10:03Z,AMZN,AMZNx,xStocks (Backed),solana,raydium,SOL,HWZk6MfN28mYqDN1igNETjN2kueEryL33oVgt92Wkv6N,251.86,251.4,2026-10-05T20:00:02Z,CLOSED,0.183,27297.29,12749.02,392,1,0
2026-10-06T00:10:03Z,AMZN,AMZNx,xStocks (Backed),solana,meteora,SOL,DXAbc6Q3BzfnWbJKVdVyEdLfvMprMNtxb8iz36W2ttZj,251.91,251.4,2026-10-05T20:00:02Z,CLOSED,0.2029,6641.81,1249.31,150,1,0
2026-10-06T00:10:03Z,AMZN,AMZNon,Ondo Global Markets,bsc,pancakeswap,WBNB,0x8617Ba6DEEE616694601ADc41Ab7ffE0e610907E,252.029,251.4,2026-10-05T20:00:02Z,CLOSED,0.2502,6570.44,59.07,11,1,0
2026-10-06T00:10:03Z,GOOGL,GOOGLx,xStocks (Backed),solana,raydium,USDC,B8YAwjGYk6qidWzGBXMAxP7nYfG8g74EZ3Y4gFSsobRw,347.11,346.47,2026-10-05T20:00:02Z,CLOSED,0.1847,828903.03,678115.34,9091,1,0
2026-10-06T00:10:03Z,GOOGL,GOOGLx,xStocks (Backed),solana,meteora,SOL,CmcVVxuMMCdsevwThLwU4PdESB5NxiZJU4mGrxB6QDE4,347.037,346.47,2026-10-05T20:00:02Z,CLOSED,0.1637,70598.38,89575.29,1169,1,0
2026-10-06T00:10:03Z,GOOGL,GOOGLx,xStocks (Backed),solana,orca,USDC,Bd8GgEYaHi3zkyjr5ojQKXA82wYqGpB3suV9PQJ8kJ1b,347.63,346.47,2026-10-05T20:00:02Z,CLOSED,0.3348,58105.22,62290.35,826,1,0
2026-10-06T00:10:03Z,GOOGL,GOOGLx,xStocks (Backed),solana,raydium,SOL,3P1PwneDrKfyUVQstaqAQDBWnK2Mcqi1xZ9nteMhDbSB,348.75,346.47,2026-10-05T20:00:02Z,CLOSED,0.6581,62633.89,19904.41,164,1,0
2026-10-06T00:10:03Z,GOOGL,GOOGLx,xStocks (Backed),solana,orca,SOL,Bh3njVo6i3UjgmaevEQMGoidphcueNjoPqGkYLbthzV5,346.52,346.47,2026-10-05T20:00:02Z,CLOSED,0.0144,12259.35,31196.22,1147,1,0
2026-10-06T00:10:03Z,GOOGL,GOOGLx,xStocks (Backed),solana,orca,USDC,FaGxc8NXSXBrT6idTxjw3o8et4MmFjxRMQvVF7ChsgZV,348.49,346.47,2026-10-05T20:00:02Z,CLOSED,0.583,5433.6,574.7,70,1,0
2026-10-06T00:10:03Z,GOOGL,GOOGLx,xStocks (Backed),solana,raydium,USDC,9sw1NZjXFsy5GKkqMpQWV7wopGgMcdkanDqg3f15zQZv,347.1,346.47,2026-10-05T20:00:02Z,CLOSED,0.1818,56197.47,43631.43,742,1,0
2026-10-06T00:10:03Z,GOOGL,GOOGLon,Ondo Global Markets,ethereum,uniswap,USDC,0x39FCB1935f6Ccb0A106D05eB928205C59646af57,345.078,346.47,2026-10-05T20:00:02Z,CLOSED,-0.4018,43468.31,1457.6,8,1,0
2026-10-06T00:10:03Z,META,METAx,xStocks (Backed),solana,raydium,USDC,3L7KbPVaAQA4UTecaGQYsm6UCq5F3sZM9zAYkxqYt63j,744.87,741.9,2026-10-05T20:00:01Z,CLOSED,0.4003,798172.08,364971.9,2768,1,0
2026-10-06T00:10:03Z,META,METAx,xStocks (Backed),solana,orca,USDC,59qH56HhMXrXiCMWH46NZ5M3SWhyzVzZnvMP2R27aR7Z,743.099,741.9,2026-10-05T20:00:01Z,CLOSED,0.1616,106707.13,34914.5,410,1,0
2026-10-06T00:10:03Z,META,METAx,xStocks (Backed),solana,raydium,SOL,BE9uiVCxUovYpgA6ard68QRRzo3sCneAkhUtSgy8AjVW,744.5,741.9,2026-10-05T20:00:01Z,CLOSED,0.3505,63907.21,105082.91,1483,1,0
2026-10-06T00:10:03Z,META,METAx,xStocks (Backed),solana,raydium,USDC,DpzGDvRfwDk4xfydfjRoSeE9fm1mQnTd3zQaSKhw1oE6,744.075,741.9,2026-10-05T20:00:01Z,CLOSED,0.2932,82508.68,72794.65,585,1,0
2026-10-06T00:10:03Z,META,METAx,xStocks (Backed),solana,meteora,USDC,D8pGWVN3vWeyexBtMZjyyPbcLhM1oeTEMibE9h3nNRYL,744.84,741.9,2026-10-05T20:00:01Z,CLOSED,0.3963,12395.6,30494.62,1033,1,0
2026-10-06T00:10:03Z,META,METAx,xStocks (Backed),solana,meteora,SOL,DUKmnaXkB6AoYBUkeeb25Arfq4oeK4XPf4gkYe7evwkh,741.35,741.9,2026-10-05T20:00:01Z,CLOSED,-0.0741,21552.65,14525.28,336,1,0
2026-10-06T00:10:03Z,MSTR,MSTRx,xStocks (Backed),solana,raydium,SOL,2ngTuP7xA581dqX9uJkGRqxmKuehY3k4SDfPebeoRG2J,164.43,164.43,2026-10-05T20:00:02Z,CLOSED,0.0,889632.53,438073.67,1894,1,0
2026-10-06T00:10:03Z,MSTR,MSTRx,xStocks (Backed),solana,raydium,USDC,RyhF4cksVZY7vcqJpoytHcxcGNKRp27PEGhSnEPpbGv,164.61,164.43,2026-10-05T20:00:02Z,CLOSED,0.1095,739057.09,580404.93,2188,1,0
2026-10-06T00:10:03Z,MSTR,MSTRx,xStocks (Backed),solana,raydium,cbBTC,CJJV5dsFXcSoKvjmurS1nfBioH3KcTkP1s23SgQz1Jrs,164.2,164.43,2026-10-05T20:00:02Z,CLOSED,-0.1399,48415.42,24523.6,419,0,0
2026-10-06T00:10:03Z,MSTR,MSTRx,xStocks (Backed),solana,orca,USDC,CHSijZ92W1A5z93WzGjvBygtxN2LWgAt58uejMDmFVpY,165.058,164.43,2026-10-05T20:00:02Z,CLOSED,0.3819,40273.18,2101.19,283,1,0
2026-10-06T00:10:03Z,MSTR,MSTRx,xStocks (Backed),solana,orca,SOL,HzyHKnwmRnnu3yZKzvqfhm2VeWo8V4qWtyNVGVLXrcjC,165.04,164.43,2026-10-05T20:00:02Z,CLOSED,0.371,32239.35,559.8,49,1,0
2026-10-06T00:10:03Z,MSTR,MSTRx,xStocks (Backed),solana,orca,USDC,BCvzjDbADhnT3K35kc5TSeMAafNgu9KZVywUq9zWH2mA,164.46,164.43,2026-10-05T20:00:02Z,CLOSED,0.0182,5933.32,2720.22,701,1,0
2026-10-06T00:10:03Z,MSTR,MSTRx,xStocks (Backed),solana,meteora,SOL,8yvEgE72BvZs86ZRr9j6ZHgn1zgVpBz2gTmwq7tMcgyH,164.99,164.43,2026-10-05T20:00:02Z,CLOSED,0.3406,7951.41,1006.38,140,1,0
2026-10-06T00:10:03Z,MSTR,MSTRx,xStocks (Backed),solana,meteora,CRCLx,ExwtCL871L2QhHw7EikDPBHfoEHzadxcepdw1Fs3ofoR,164.51,164.43,2026-10-05T20:00:02Z,CLOSED,0.0487,7866.13,180.96,72,0,0
2026-10-06T00:10:03Z,COIN,COINx,xStocks (Backed),solana,raydium,USDC,w7SGmPeXoMCsjvXqgsAmUn56uypyDsjAtsxeVkaiqxa,187.51,188.22,2026-10-05T20:00:01Z,CLOSED,-0.3772,1471638.16,255965.0,557,1,0
2026-10-06T00:10:03Z,COIN,COINx,xStocks (Backed),solana,raydium,SOL,9NJ7rtJzEnfwvoM6HyB2v6YHcsfS6ZY9DFGprphVX6W,187.38,188.22,2026-10-05T20:00:01Z,CLOSED,-0.4463,120869.54,10005.05,84,1,0
2026-10-06T00:10:03Z,COIN,COINx,xStocks (Backed),solana,raydium,USDC,3LbRQkdRnahJfAEBBRajCMki8ZBMhBhidmxbgMzp8nVu,187.1,188.22,2026-10-05T20:00:01Z,CLOSED,-0.595,42468.75,5416.9,101,1,0
2026-10-06T00:10:03Z,COIN,COINx,xStocks (Backed),solana,orca,USDC,7ouGUDRMy4C9RJpTgPizRyfcxyJusAEe9ZbjqYv7BSqe,187.89,188.22,2026-10-05T20:00:01Z,CLOSED,-0.1753,34126.01,98659.18,952,1,0
2026-10-06T00:10:03Z,COIN,COINx,xStocks (Backed),solana,orca,SOL,A4D97SV1dfCffDo58FEJtZoYycqVTaGVZiDdLiZffDNK,188.19,188.22,2026-10-05T20:00:01Z,CLOSED,-0.0159,26802.03,19366.17,785,1,0
2026-10-06T00:10:03Z,COIN,COINx,xStocks (Backed),solana,orca,CRCLx,FP4TT9AEqR8GcdWYEv2Jp3Vee9QvGWaCmFuaqAP2wjxL,187.059,188.22,2026-10-05T20:00:01Z,CLOSED,-0.6168,8087.99,24.76,10,0,0
2026-10-06T00:10:03Z,HOOD,HOODx,xStocks (Backed),solana,orca,USDC,48dhPm83sXfnRMxKRfv2YuE45DPqrhwPMvGrnTLufvFf,114.42,114.11,2026-10-05T20:00:01Z,CLOSED,0.2717,94265.58,295015.78,1105,1,0
2026-10-06T00:10:03Z,HOOD,HOODx,xStocks (Backed),solana,raydium,USDC,DXWbip5LducMAbDSSpLYz9Xik3253EPeAYQufQtx7LXs,113.84,114.11,2026-10-05T20:00:01Z,CLOSED,-0.2366,1453727.89,51624.61,106,1,0
2026-10-06T00:10:03Z,HOOD,HOODx,xStocks (Backed),solana,raydium,SOL,DznDQ6YVmgtZAvwZ4ui6k9MNun9uaozyVFFsiAeAs9f,114.27,114.11,2026-10-05T20:00:01Z,CLOSED,0.1402,48973.04,4240.67,35,1,0
2026-10-06T00:10:03Z,HOOD,HOODx,xStocks (Backed),solana,meteora,SOL,DQ8fjmP2haYxyyJRU99aCaHznK1GSihYyBRZxfP9sfbU,114.25,114.11,2026-10-05T20:00:01Z,CLOSED,0.1227,11300.41,10332.12,306,1,0
2026-10-06T00:10:03Z,CRCL,CRCLon,Ondo Global Markets,bsc,pancakeswap,比特币,0xc1d141d6A9F8e8eb7B9Ce1AEcD4A8932F047c075,84.3,83.3,2026-10-05T20:00:03Z,CLOSED,1.2005,7177.53,217.46,16,0,0
2026-10-06T00:10:03Z,SPY,SPYx,xStocks (Backed),solana,raydium,USDC,4pCZCVEiYyT4efNdXUdL2tJF8VGMgiMXrZWq6FiNXhRw,779.54,774.83,2026-10-05T20:00:00Z,CLOSED,0.6079,572935.38,3261120.85,14228,1,0
2026-10-06T00:10:03Z,SPY,SPYx,xStocks (Backed),solana,raydium,SOL,BS9uyGV6XmNnPkM4f3xgxCdQEaFv7RSKs6fwrpvYHxfL,779.39,774.83,2026-10-05T20:00:00Z,CLOSED,0.5885,749671.48,498015.5,3734,1,0
2026-10-06T00:10:03Z,SPY,SPYx,xStocks (Backed),solana,orca,USDC,Fae5dWVntUt6zbWu2voXxioDpMii7SqQwtsxBmoVCsHR,779.39,774.83,2026-10-05T20:00:00Z,CLOSED,0.5885,340115.14,177918.91,1268,1,0
2026-10-06T00:10:03Z,SPY,SPYx,xStocks (Backed),solana,raydium,USDC,6truu3rZuiB9rKQg4VYC3Dt3QwV7DgwGqXrYUcrvnDDE,779.47,774.83,2026-10-05T20:00:00Z,CLOSED,0.5988,2680711.3,422950.7,1394,1,0
2026-10-06T00:10:03Z,SPY,SPYx,xStocks (Backed),solana,raydium,USDC,7sHMnvE7WqP7vQFWJGEnMT4vZg6Za9K7PpddDoXJCqME,778.68,774.83,2026-10-05T20:00:00Z,CLOSED,0.4969,76344.03,1295.25,67,1,0
2026-10-06T00:10:03Z,SPY,SPYx,xStocks (Backed),solana,pancakeswap,USDC,Ph2aw6fSKja9MT39L27gwJcZi3F8hZL4xMnuVh36h8a,779.5,774.83,2026-10-05T20:00:00Z,CLOSED,0.6027,35307.24,82510.57,2562,1,0
2026-10-06T00:10:03Z,SPY,SPYx,xStocks (Backed),solana,orca,USDC,gef4pD5g6GJSjX7hfXKUfhCVpE89BzX9TXnXJNW6kSt,779.53,774.83,2026-10-05T20:00:00Z,CLOSED,0.6066,14071.99,12940.2,2329,1,0
2026-10-06T00:10:03Z,SPY,SPYx,xStocks (Backed),solana,meteora,SOL,5JWX8pQhJNpFMjPwKhFSSVWRpss4wSyoqgRGnBNJfyuX,779.73,774.83,2026-10-05T20:00:00Z,CLOSED,0.6324,38220.81,57903.07,1174,1,0
2026-10-06T00:10:03Z,SPY,SPYx,xStocks (Backed),solana,orca,SOL,DAcfUT7Xnfm91xv4YZojgpYirLC3JfDG6PbtNqtaAkTn,775.99,774.83,2026-10-05T20:00:00Z,CLOSED,0.1497,38864.55,18074.53,1150,1,0
2026-10-06T00:10:03Z,QQQ,QQQx,xStocks (Backed),solana,raydium,USDC,GMjGLWzvK75LPetrgAmdeXnvxc4fUuQPwJxeQqTDU1aG,758.76,756.2,2026-10-05T20:00:00Z,CLOSED,0.3385,2222856.94,286800.28,2598,1,0
2026-10-06T00:10:03Z,QQQ,QQQx,xStocks (Backed),solana,raydium,SOL,B6FEtQdwsq8Wuw4G52pW9WEWEA7ALGfyUgXDRKigDSHH,758.31,756.2,2026-10-05T20:00:00Z,CLOSED,0.279,126758.4,46935.02,620,1,0
2026-10-06T00:10:03Z,QQQ,QQQx,xStocks (Backed),solana,raydium,USDC,FknDV1F5n6QaA7rLmjquDjuU6wcPMNm5RYq7zWbqhpZw,757.42,756.2,2026-10-05T20:00:00Z,CLOSED,0.1613,48869.88,1493.31,56,1,0
2026-10-06T00:10:03Z,QQQ,QQQx,xStocks (Backed),solana,pancakeswap,USDC,DLm3szGd5VdiiLXp8i89j95FuUN9KKWtYF7XfmVvLTML,758.69,756.2,2026-10-05T20:00:00Z,CLOSED,0.3293,36085.9,8570.91,279,1,0
2026-10-06T00:10:03Z,QQQ,QQQx,xStocks (Backed),solana,raydium,SPYx,FN27PwZpDnSBNZR5vzx6B7waxowV84ZNFQrzgr6XeYbf,753.84,756.2,2026-10-05T20:00:00Z,CLOSED,-0.3121,30876.91,120.3,6,0,0
2026-10-06T00:10:03Z,QQQ,QQQx,xStocks (Backed),solana,orca,SPYx,7mYFrN2TQtYc2HMZEXuVfWkPu9n5EFfX9Ha59X3n6PWE,758.73,756.2,2026-10-05T20:00:00Z,CLOSED,0.3346,11847.56,5590.12,432,0,0
2026-10-06T00:10:03Z,QQQ,QQQx,xStocks (Backed),solana,orca,USDC,3GVB4bXtcrP3MM376mrcJDwfTNThvyorLmVgSTf6kxFt,759.27,756.2,2026-10-05T20:00:00Z,CLOSED,0.406,14088.75,1136.18,72,1,0
